,gender,age,occupation,interest,purchase,products,money_spent,fashion_segments,customer_decision:_price,customer_decision:_style,customer_decision:_quality,customer_decision:_brand,customer_decision:_comfort,customer_decision:_sustainability,brand_familiarity:_ausweichoption_(negativ)_oder_anzahl_ausgewählter_optionen,brand_familiarity:_zara,brand_familiarity:_h&m,brand_familiarity:_adidas,brand_familiarity:_patagonia,brand_familiarity:_uniqlo,brand_familiarity:_weekday,brand_familiarity:_all_of_them,interest.1,industries,information,price_relevance,sustainable_option,transparency,recycle_:_ausweichoption_(negativ)_oder_anzahl_ausgewählter_optionen,recycle_:_recycling/upcycling_of_clothing,recycle_:_purchasing_second-hand/vintage_clothing,recycle_:_purchasing_sustainable_clothing,recycle_:_none,sustainable_brands:_[01],preference,budget
2,2,2.0,1.0,2.0,1.0,3.0,1.0,3.0,1.0,2.0,2.0,3.0,2.0,3.0,4.0,2.0,2.0,2.0,2.0,1.0,1.0,1.0,3.0,3.0,1.0,4.0,5.0,1.0,1.0,1.0,1.0,2.0,1.0,timbaland,1.0,5.0
3,1,1.0,1.0,1.0,2.0,4.0,1.0,2.0,2.0,1.0,2.0,4.0,2.0,3.0,4.0,2.0,2.0,2.0,2.0,1.0,1.0,1.0,3.0,1.0,1.0,3.0,7.0,1.0,1.0,1.0,2.0,1.0,1.0,patagonia,2.0,5.0
4,1,2.0,1.0,1.0,2.0,3.0,2.0,2.0,2.0,1.0,2.0,2.0,3.0,3.0,7.0,2.0,2.0,2.0,2.0,2.0,2.0,2.0,3.0,2.0,2.0,4.0,5.0,1.0,2.0,2.0,2.0,1.0,1.0,other,1.0,3.0
5,1,2.0,1.0,1.0,1.0,4.0,1.0,3.0,2.0,1.0,2.0,2.0,2.0,2.0,5.0,2.0,2.0,2.0,2.0,2.0,1.0,1.0,4.0,3.0,1.0,4.0,5.0,1.0,1.0,2.0,1.0,1.0,1.0,patagonia,1.0,4.0
6,2,1.0,1.0,1.0,1.0,4.0,2.0,3.0,2.0,1.0,1.0,3.0,1.0,2.0,4.0,2.0,2.0,2.0,1.0,2.0,1.0,1.0,3.0,3.0,2.0,3.0,5.0,3.0,1.0,1.0,1.0,1.0,2.0,other,2.0,3.0
7,2,2.0,2.0,1.0,1.0,4.0,1.0,3.0,1.0,2.0,2.0,2.0,2.0,3.0,4.0,2.0,2.0,2.0,2.0,1.0,1.0,1.0,3.0,3.0,2.0,4.0,5.0,1.0,2.0,2.0,1.0,2.0,1.0,other,1.0,5.0
8,2,2.0,1.0,1.0,1.0,3.0,1.0,2.0,2.0,2.0,2.0,2.0,1.0,1.0,4.0,2.0,2.0,2.0,2.0,1.0,1.0,1.0,3.0,2.0,1.0,3.0,5.0,1.0,1.0,2.0,1.0,1.0,1.0,other,1.0,4.0
9,1,2.0,1.0,1.0,2.0,3.0,2.0,1.0,2.0,1.0,3.0,2.0,2.0,3.0,1.0,1.0,1.0,1.0,1.0,1.0,1.0,2.0,3.0,3.0,2.0,3.0,5.0,1.0,2.0,2.0,2.0,1.0,1.0,other,1.0,4.0
10,1,2.0,4.0,2.0,1.0,1.0,3.0,2.0,2.0,2.0,3.0,4.0,2.0,4.0,3.0,2.0,2.0,2.0,1.0,1.0,1.0,1.0,3.0,5.0,2.0,5.0,5.0,1.0,1.0,1.0,1.0,1.0,2.0,other,1.0,5.0
11,1,2.0,1.0,1.0,1.0,1.0,1.0,3.0,1.0,1.0,2.0,2.0,1.0,4.0,7.0,2.0,2.0,2.0,2.0,2.0,2.0,2.0,3.0,2.0,2.0,4.0,5.0,1.0,1.0,2.0,1.0,1.0,1.0,blue seven,5.0,5.0
12,1,2.0,1.0,1.0,2.0,4.0,2.0,2.0,2.0,2.0,1.0,3.0,2.0,3.0,1.0,1.0,1.0,1.0,1.0,1.0,1.0,2.0,2.0,2.0,2.0,4.0,5.0,2.0,1.0,1.0,2.0,1.0,1.0,other,2.0,4.0
13,1,2.0,5.0,1.0,3.0,3.0,2.0,2.0,2.0,1.0,2.0,3.0,3.0,3.0,5.0,2.0,2.0,2.0,1.0,2.0,2.0,1.0,2.0,3.0,1.0,3.0,5.0,1.0,1.0,1.0,2.0,1.0,1.0,other,1.0,4.0
14,2,2.0,1.0,1.0,1.0,4.0,2.0,3.0,3.0,2.0,2.0,2.0,3.0,3.0,4.0,2.0,2.0,2.0,2.0,1.0,1.0,1.0,2.0,3.0,2.0,3.0,5.0,2.0,1.0,1.0,1.0,2.0,1.0,other,1.0,4.0
15,"1,3,3,1,2,3,1,2,1,3,1,3,1,3,3,2,2,2,1,1,1,1,3,1,2,3,1,6,1,2,2,2,1,1,""Nike , Adidas, New balance"",1,4,,,,,,,,,,,,",109.0,70.0,152.0,127.0,79.0,96.0,76.0,88.0,93.0,83.0,77.0,86.0,84.0,62.0,137.0,132.0,126.0,126.0,127.0,174.0,164.0,101.0,66.0,116.0,80.0,85.0,141.0,119.0,103.0,104.0,134.0,169.0,other,60.0,75.0
16,2,3.0,4.0,1.0,1.0,2.0,1.0,2.0,2.0,2.0,1.0,3.0,2.0,4.0,1.0,2.0,1.0,1.0,1.0,1.0,1.0,1.0,2.0,5.0,1.0,3.0,1.0,3.0,1.0,1.0,1.0,1.0,2.0,other,1.0,4.0
17,1,2.0,1.0,1.0,1.0,4.0,2.0,4.0,2.0,1.0,2.0,1.0,1.0,3.0,4.0,2.0,2.0,2.0,1.0,2.0,1.0,1.0,3.0,3.0,2.0,3.0,2.0,1.0,1.0,1.0,1.0,1.0,2.0,other,1.0,5.0
18,1,2.0,1.0,2.0,1.0,4.0,1.0,2.0,2.0,3.0,2.0,3.0,1.0,2.0,3.0,2.0,2.0,2.0,1.0,1.0,1.0,1.0,4.0,4.0,2.0,4.0,5.0,1.0,2.0,2.0,2.0,1.0,1.0,resales,4.0,5.0
19,1,2.0,5.0,1.0,1.0,4.0,2.0,2.0,2.0,2.0,2.0,3.0,2.0,4.0,0.0,1.0,1.0,1.0,1.0,1.0,1.0,1.0,3.0,4.0,2.0,3.0,5.0,1.0,0.0,1.0,1.0,1.0,1.0,other,2.0,5.0
20,2,2.0,1.0,1.0,1.0,4.0,1.0,2.0,2.0,1.0,2.0,4.0,2.0,3.0,4.0,2.0,2.0,2.0,2.0,1.0,1.0,1.0,2.0,3.0,2.0,3.0,5.0,2.0,1.0,1.0,1.0,1.0,2.0,other,3.0,4.0
21,2,2.0,1.0,1.0,1.0,4.0,1.0,1.0,2.0,1.0,2.0,3.0,2.0,3.0,5.0,2.0,2.0,2.0,2.0,1.0,2.0,1.0,3.0,1.0,2.0,4.0,5.0,1.0,1.0,1.0,1.0,1.0,2.0,nike,5.0,3.0
22,1,3.0,2.0,1.0,1.0,4.0,2.0,3.0,2.0,2.0,2.0,1.0,2.0,3.0,4.0,2.0,2.0,2.0,1.0,2.0,1.0,1.0,3.0,1.0,2.0,3.0,5.0,1.0,2.0,2.0,2.0,1.0,1.0,other,1.0,3.0
23,1,2.0,1.0,1.0,3.0,3.0,2.0,2.0,1.0,3.0,1.0,2.0,1.0,3.0,3.0,2.0,1.0,1.0,1.0,2.0,1.0,2.0,3.0,1.0,1.0,3.0,6.0,2.0,1.0,1.0,2.0,1.0,1.0,other,1.0,4.0
24,1,2.0,1.0,2.0,1.0,4.0,1.0,2.0,2.0,2.0,3.0,3.0,3.0,2.0,4.0,2.0,2.0,2.0,1.0,2.0,1.0,1.0,4.0,1.0,1.0,4.0,6.0,1.0,2.0,2.0,2.0,1.0,1.0,other,3.0,5.0
25,1,2.0,1.0,1.0,2.0,1.0,3.0,4.0,2.0,3.0,2.0,3.0,4.0,3.0,2.0,1.0,1.0,1.0,2.0,2.0,1.0,1.0,3.0,3.0,2.0,4.0,2.0,2.0,2.0,2.0,1.0,1.0,2.0,adidas,4.0,4.0
26,2,3.0,4.0,1.0,1.0,4.0,1.0,1.0,1.0,1.0,1.0,1.0,1.0,2.0,2.0,1.0,2.0,2.0,1.0,1.0,1.0,1.0,2.0,4.0,2.0,4.0,6.0,2.0,1.0,1.0,2.0,1.0,1.0,other,3.0,4.0
27,1,2.0,1.0,1.0,1.0,4.0,1.0,2.0,2.0,1.0,2.0,4.0,2.0,3.0,3.0,2.0,2.0,2.0,1.0,1.0,1.0,1.0,3.0,2.0,2.0,4.0,5.0,1.0,1.0,2.0,1.0,1.0,1.0,other,3.0,4.0
28,1,1.0,1.0,1.0,2.0,3.0,2.0,1.0,2.0,1.0,3.0,4.0,3.0,3.0,4.0,2.0,2.0,2.0,2.0,1.0,1.0,1.0,2.0,2.0,2.0,2.0,5.0,1.0,3.0,2.0,2.0,2.0,1.0,levi's patagonia,3.0,5.0
29,1,2.0,1.0,1.0,1.0,2.0,1.0,2.0,2.0,2.0,2.0,3.0,3.0,3.0,4.0,2.0,2.0,2.0,2.0,1.0,1.0,1.0,3.0,4.0,2.0,4.0,5.0,1.0,2.0,2.0,2.0,1.0,1.0,other,3.0,4.0
30,1,3.0,3.0,1.0,2.0,3.0,1.0,1.0,1.0,2.0,2.0,3.0,3.0,3.0,3.0,2.0,2.0,1.0,1.0,2.0,1.0,1.0,4.0,3.0,2.0,4.0,5.0,1.0,1.0,2.0,1.0,1.0,1.0,other,3.0,2.0
31,2,2.0,4.0,1.0,1.0,2.0,3.0,4.0,3.0,2.0,1.0,1.0,2.0,4.0,1.0,1.0,1.0,1.0,2.0,1.0,1.0,1.0,3.0,5.0,2.0,3.0,1.0,1.0,1.0,1.0,2.0,1.0,1.0,alohas,3.0,4.0
32,"1,2,1,1,2,3,1,1,1,2,3,3,1,2,3,2,2,2,1,1,1,1,2,1,2,3,1,2,1,3,2,2,2,1,""Zara, H&m, Adidas"",1,4,,,,,,,,,,,,",109.0,70.0,152.0,127.0,79.0,96.0,76.0,88.0,93.0,83.0,77.0,86.0,84.0,62.0,137.0,132.0,126.0,126.0,127.0,174.0,164.0,101.0,66.0,116.0,80.0,85.0,141.0,119.0,103.0,104.0,134.0,169.0,other,60.0,75.0
33,1,2.0,1.0,1.0,1.0,3.0,1.0,1.0,1.0,1.0,1.0,3.0,1.0,3.0,4.0,2.0,2.0,2.0,1.0,2.0,1.0,1.0,3.0,1.0,2.0,4.0,2.0,1.0,1.0,1.0,2.0,1.0,1.0,other,4.0,5.0
34,1,3.0,3.0,1.0,1.0,3.0,2.0,3.0,1.0,1.0,1.0,3.0,1.0,3.0,3.0,2.0,2.0,2.0,1.0,1.0,1.0,1.0,2.0,1.0,1.0,2.0,6.0,3.0,1.0,1.0,2.0,1.0,1.0,other,3.0,3.0
35,1,3.0,5.0,1.0,2.0,1.0,7.0,5.0,3.0,2.0,1.0,2.0,1.0,1.0,1.0,1.0,1.0,1.0,1.0,1.0,1.0,2.0,4.0,3.0,2.0,3.0,7.0,1.0,3.0,2.0,2.0,2.0,1.0,other,4.0,4.0
36,1,2.0,3.0,1.0,1.0,4.0,2.0,3.0,1.0,1.0,2.0,2.0,1.0,2.0,3.0,2.0,2.0,2.0,1.0,1.0,1.0,1.0,2.0,1.0,1.0,3.0,6.0,3.0,1.0,1.0,2.0,1.0,1.0,other,3.0,3.0
37,1,2.0,4.0,1.0,1.0,3.0,2.0,1.0,1.0,1.0,1.0,3.0,1.0,2.0,3.0,2.0,2.0,2.0,1.0,1.0,1.0,1.0,3.0,1.0,2.0,4.0,2.0,1.0,1.0,2.0,1.0,1.0,1.0,other,4.0,4.0
38,2,2.0,4.0,1.0,1.0,3.0,3.0,3.0,3.0,2.0,2.0,1.0,2.0,2.0,4.0,2.0,2.0,2.0,2.0,1.0,1.0,1.0,4.0,1.0,2.0,4.0,6.0,1.0,1.0,2.0,1.0,1.0,1.0,ice breaker,1.0,4.0
39,2,2.0,4.0,1.0,1.0,3.0,4.0,3.0,3.0,2.0,2.0,1.0,1.0,2.0,0.0,1.0,1.0,1.0,1.0,1.0,1.0,1.0,2.0,1.0,2.0,3.0,7.0,3.0,0.0,1.0,1.0,1.0,1.0,other,1.0,5.0
40,2,2.0,4.0,1.0,3.0,2.0,4.0,3.0,1.0,2.0,2.0,2.0,3.0,3.0,1.0,1.0,1.0,1.0,2.0,1.0,1.0,1.0,3.0,2.0,1.0,3.0,5.0,1.0,1.0,2.0,1.0,1.0,1.0,nike,1.0,4.0
41,"1,2,1,1,1,4,1,2,1,1,2,4,2,3,1,1,1,1,1,1,1,2,4,5,2,5,1,5,1,1,1,2,1,1,""Patagonia, Reformation"",4,5,,,,,,,,,,,,",109.0,70.0,152.0,127.0,79.0,96.0,76.0,88.0,93.0,83.0,77.0,86.0,84.0,62.0,137.0,132.0,126.0,126.0,127.0,174.0,164.0,101.0,66.0,116.0,80.0,85.0,141.0,119.0,103.0,104.0,134.0,169.0,other,60.0,75.0
42,1,3.0,4.0,2.0,3.0,3.0,1.0,3.0,3.0,2.0,1.0,3.0,1.0,2.0,4.0,2.0,2.0,2.0,1.0,2.0,1.0,1.0,3.0,4.0,2.0,3.0,6.0,1.0,1.0,1.0,1.0,2.0,1.0,other,6.0,4.0
43,1,1.0,1.0,1.0,1.0,1.0,1.0,1.0,1.0,2.0,2.0,3.0,2.0,3.0,2.0,2.0,2.0,1.0,1.0,1.0,1.0,1.0,2.0,3.0,1.0,3.0,6.0,2.0,1.0,1.0,2.0,1.0,1.0,other,3.0,4.0
44,1,2.0,4.0,1.0,1.0,4.0,1.0,2.0,1.0,2.0,2.0,2.0,2.0,3.0,4.0,2.0,2.0,2.0,1.0,2.0,1.0,1.0,3.0,3.0,2.0,4.0,6.0,1.0,0.0,1.0,1.0,1.0,1.0,other,7.0,3.0
45,1,2.0,1.0,1.0,1.0,4.0,2.0,1.0,1.0,2.0,2.0,3.0,2.0,2.0,2.0,2.0,2.0,1.0,1.0,1.0,1.0,1.0,3.0,3.0,1.0,5.0,6.0,1.0,3.0,2.0,2.0,2.0,1.0,other,7.0,5.0
46,"2,2,4,1,1,4,2,3,3,2,1,2,2,3,1,1,1,1,1,1,1,2,3,1,2,4,1,5,1,1,1,1,2,1,""Asket, Arket, Adaysmarch"",5,5,,,,,,,,,,,,",109.0,70.0,152.0,127.0,79.0,96.0,76.0,88.0,93.0,83.0,77.0,86.0,84.0,62.0,137.0,132.0,126.0,126.0,127.0,174.0,164.0,101.0,66.0,116.0,80.0,85.0,141.0,119.0,103.0,104.0,134.0,169.0,other,60.0,75.0
47,1,3.0,5.0,1.0,1.0,1.0,1.0,1.0,2.0,2.0,2.0,2.0,2.0,2.0,4.0,2.0,2.0,2.0,1.0,2.0,1.0,1.0,4.0,2.0,2.0,3.0,6.0,3.0,1.0,2.0,1.0,1.0,1.0,other,2.0,5.0
48,1,3.0,5.0,1.0,1.0,3.0,1.0,3.0,2.0,2.0,1.0,3.0,2.0,3.0,3.0,2.0,2.0,1.0,1.0,2.0,1.0,1.0,3.0,1.0,2.0,4.0,5.0,3.0,1.0,2.0,1.0,1.0,1.0,other,7.0,3.0
49,1,3.0,2.0,1.0,1.0,1.0,3.0,2.0,2.0,1.0,2.0,4.0,1.0,2.0,5.0,2.0,2.0,2.0,2.0,2.0,1.0,1.0,3.0,5.0,2.0,3.0,6.0,1.0,1.0,1.0,1.0,2.0,1.0,other,1.0,3.0
50,2,2.0,1.0,1.0,2.0,3.0,1.0,2.0,2.0,1.0,2.0,3.0,2.0,2.0,4.0,2.0,2.0,2.0,2.0,1.0,1.0,1.0,3.0,3.0,1.0,4.0,5.0,1.0,2.0,1.0,2.0,2.0,1.0,other,3.0,4.0
51,1,3.0,2.0,1.0,1.0,4.0,1.0,2.0,1.0,1.0,1.0,3.0,1.0,3.0,4.0,2.0,2.0,2.0,1.0,2.0,1.0,1.0,3.0,4.0,2.0,3.0,6.0,1.0,2.0,2.0,1.0,2.0,1.0,other,4.0,5.0
52,2,2.0,5.0,1.0,1.0,4.0,1.0,2.0,1.0,1.0,1.0,3.0,2.0,3.0,0.0,1.0,1.0,1.0,1.0,1.0,1.0,1.0,3.0,4.0,2.0,3.0,5.0,3.0,0.0,1.0,1.0,1.0,1.0,other,1.0,4.0
53,2,3.0,3.0,152.0,1.0,4.0,1.0,1.0,1.0,1.0,1.0,3.0,2.0,1.0,3.0,2.0,2.0,2.0,1.0,1.0,1.0,1.0,4.0,2.0,2.0,4.0,6.0,1.0,2.0,2.0,1.0,2.0,1.0,other,1.0,3.0
54,1,2.0,1.0,1.0,1.0,1.0,2.0,3.0,2.0,2.0,1.0,2.0,1.0,3.0,-1.0,1.0,1.0,1.0,1.0,1.0,1.0,1.0,3.0,1.0,2.0,3.0,6.0,1.0,1.0,2.0,1.0,1.0,1.0,other,1.0,4.0
55,2,2.0,3.0,2.0,1.0,4.0,1.0,1.0,1.0,2.0,3.0,2.0,2.0,2.0,4.0,2.0,2.0,2.0,2.0,1.0,1.0,1.0,4.0,2.0,1.0,3.0,2.0,1.0,1.0,1.0,1.0,2.0,1.0,na,1.0,4.0
56,2,2.0,4.0,1.0,1.0,4.0,2.0,3.0,3.0,1.0,1.0,3.0,2.0,3.0,4.0,2.0,2.0,2.0,1.0,2.0,1.0,1.0,3.0,2.0,2.0,4.0,5.0,2.0,1.0,2.0,1.0,1.0,1.0,other,5.0,5.0
57,1,2.0,4.0,1.0,2.0,1.0,2.0,1.0,1.0,1.0,1.0,3.0,1.0,4.0,3.0,2.0,2.0,2.0,1.0,1.0,1.0,1.0,3.0,2.0,2.0,2.0,5.0,2.0,2.0,2.0,2.0,1.0,1.0,other,1.0,2.0
58,1,3.0,4.0,1.0,1.0,1.0,2.0,1.0,1.0,2.0,2.0,4.0,1.0,2.0,3.0,2.0,2.0,2.0,1.0,1.0,1.0,1.0,2.0,1.0,2.0,3.0,1.0,2.0,1.0,1.0,2.0,1.0,1.0,other,1.0,4.0
59,1,3.0,4.0,1.0,1.0,2.0,1.0,5.0,2.0,1.0,1.0,2.0,3.0,2.0,3.0,2.0,2.0,2.0,1.0,1.0,1.0,1.0,4.0,2.0,2.0,3.0,5.0,1.0,1.0,2.0,1.0,1.0,1.0,carla fernandez,5.0,2.0
60,2,3.0,4.0,2.0,1.0,4.0,1.0,2.0,2.0,2.0,1.0,4.0,1.0,4.0,-1.0,1.0,1.0,1.0,1.0,1.0,1.0,1.0,3.0,2.0,1.0,3.0,5.0,1.0,1.0,1.0,1.0,2.0,1.0,other,6.0,3.0
61,1,2.0,3.0,1.0,1.0,3.0,1.0,1.0,1.0,1.0,2.0,2.0,1.0,3.0,3.0,2.0,2.0,2.0,1.0,1.0,1.0,1.0,2.0,4.0,2.0,4.0,5.0,1.0,1.0,2.0,1.0,1.0,1.0,other,4.0,4.0
62,1,1.0,3.0,1.0,2.0,4.0,2.0,2.0,1.0,1.0,2.0,3.0,2.0,3.0,5.0,2.0,2.0,2.0,2.0,2.0,1.0,1.0,4.0,1.0,2.0,4.0,5.0,1.0,1.0,1.0,2.0,1.0,1.0,other,4.0,5.0
63,1,3.0,4.0,1.0,1.0,4.0,2.0,3.0,3.0,1.0,2.0,2.0,2.0,2.0,1.0,1.0,1.0,1.0,1.0,1.0,1.0,2.0,3.0,3.0,1.0,2.0,8.0,1.0,2.0,2.0,1.0,2.0,1.0,other,3.0,4.0
64,2,2.0,1.0,1.0,1.0,2.0,1.0,3.0,2.0,2.0,1.0,4.0,1.0,2.0,2.0,1.0,1.0,1.0,2.0,2.0,1.0,1.0,3.0,4.0,2.0,5.0,5.0,1.0,2.0,2.0,2.0,1.0,1.0,other,5.0,5.0
65,2,2.0,4.0,1.0,1.0,3.0,1.0,2.0,2.0,2.0,3.0,3.0,2.0,3.0,3.0,2.0,2.0,2.0,1.0,1.0,1.0,1.0,3.0,2.0,2.0,4.0,5.0,1.0,1.0,1.0,2.0,1.0,1.0,other,4.0,4.0
66,2,2.0,3.0,2.0,1.0,4.0,1.0,3.0,1.0,2.0,3.0,2.0,1.0,2.0,4.0,2.0,2.0,2.0,1.0,2.0,1.0,1.0,3.0,6.0,1.0,4.0,6.0,1.0,1.0,2.0,1.0,1.0,1.0,timberland,4.0,3.0
67,"2,3,4,1,1,3,1,2,3,3,1,4,1,3,4,2,2,2,2,1,1,1,4,1,2,4,1,5,1,1,2,1,1,1,""Old Navy, Declathon"",3,2,,,,,,,,,,,,",109.0,70.0,152.0,127.0,79.0,96.0,76.0,88.0,93.0,83.0,77.0,86.0,84.0,62.0,137.0,132.0,126.0,126.0,127.0,174.0,164.0,101.0,66.0,116.0,80.0,85.0,141.0,119.0,103.0,104.0,134.0,169.0,other,60.0,75.0
68,"1,3,5,1,2,1,2,2,1,1,2,4,2,4,4,2,2,2,1,2,1,1,3,4,2,4,1,2,1,1,1,2,1,1,""H&M, Cocccinelli,"",4,5,,,,,,,,,,,,",109.0,70.0,152.0,127.0,79.0,96.0,76.0,88.0,93.0,83.0,77.0,86.0,84.0,62.0,137.0,132.0,126.0,126.0,127.0,174.0,164.0,101.0,66.0,116.0,80.0,85.0,141.0,119.0,103.0,104.0,134.0,169.0,other,60.0,75.0
69,1,4.0,2.0,1.0,1.0,3.0,2.0,3.0,1.0,2.0,2.0,2.0,2.0,3.0,4.0,2.0,2.0,2.0,1.0,2.0,1.0,1.0,3.0,5.0,2.0,3.0,7.0,1.0,3.0,2.0,2.0,2.0,1.0,other,4.0,4.0
70,2,2.0,4.0,1.0,2.0,2.0,3.0,3.0,2.0,2.0,1.0,3.0,3.0,3.0,4.0,2.0,2.0,2.0,2.0,1.0,1.0,1.0,3.0,3.0,2.0,4.0,1.0,1.0,1.0,2.0,1.0,1.0,1.0,levis,6.0,4.0
71,1,3.0,4.0,1.0,2.0,1.0,2.0,2.0,2.0,1.0,2.0,4.0,2.0,3.0,2.0,2.0,2.0,1.0,1.0,1.0,1.0,1.0,3.0,5.0,2.0,3.0,5.0,2.0,1.0,2.0,1.0,1.0,1.0,other,4.0,4.0
72,1,2.0,3.0,1.0,1.0,3.0,1.0,2.0,2.0,2.0,1.0,3.0,3.0,2.0,4.0,2.0,2.0,2.0,2.0,1.0,1.0,1.0,4.0,1.0,1.0,3.0,6.0,1.0,1.0,2.0,1.0,1.0,1.0,other,3.0,4.0
73,1,3.0,4.0,1.0,1.0,3.0,2.0,3.0,2.0,1.0,2.0,3.0,2.0,2.0,4.0,2.0,2.0,2.0,1.0,2.0,1.0,1.0,3.0,3.0,2.0,4.0,5.0,1.0,1.0,1.0,1.0,2.0,1.0,zara jcrew  anthropology,4.0,4.0
74,1,4.0,2.0,1.0,1.0,4.0,2.0,3.0,1.0,2.0,1.0,4.0,2.0,1.0,3.0,2.0,2.0,2.0,1.0,1.0,1.0,1.0,4.0,1.0,1.0,3.0,5.0,1.0,1.0,2.0,1.0,1.0,1.0,other,4.0,5.0
75,2,3.0,4.0,1.0,1.0,3.0,1.0,3.0,2.0,2.0,1.0,3.0,2.0,2.0,1.0,1.0,1.0,1.0,2.0,1.0,1.0,1.0,4.0,3.0,1.0,3.0,6.0,1.0,2.0,2.0,1.0,2.0,1.0,patagonia,1.0,4.0
76,"1,3,4,2,1,4,1,1,1,1,1,3,1,3,4,2,2,2,1,2,1,1,3,5,2,4,2,1,1,1,2,1,1,1,""Zara,max mara, addieas"",3,3,,,,,,,,,,,,",109.0,70.0,152.0,127.0,79.0,96.0,76.0,88.0,93.0,83.0,77.0,86.0,84.0,62.0,137.0,132.0,126.0,126.0,127.0,174.0,164.0,101.0,66.0,116.0,80.0,85.0,141.0,119.0,103.0,104.0,134.0,169.0,other,60.0,75.0
77,2,3.0,4.0,1.0,1.0,3.0,3.0,3.0,2.0,1.0,2.0,2.0,2.0,3.0,4.0,2.0,2.0,2.0,2.0,1.0,1.0,1.0,3.0,3.0,2.0,3.0,2.0,1.0,1.0,1.0,1.0,2.0,1.0,boss,5.0,4.0
78,2,3.0,2.0,2.0,1.0,4.0,1.0,1.0,1.0,1.0,1.0,4.0,1.0,3.0,2.0,2.0,1.0,2.0,1.0,1.0,1.0,1.0,1.0,6.0,1.0,4.0,5.0,2.0,1.0,2.0,1.0,1.0,1.0,other,2.0,4.0
79,2,3.0,4.0,2.0,1.0,2.0,2.0,3.0,1.0,1.0,1.0,1.0,1.0,1.0,2.0,1.0,1.0,2.0,1.0,2.0,1.0,1.0,3.0,2.0,2.0,3.0,6.0,1.0,1.0,1.0,1.0,2.0,1.0,tesla,4.0,5.0
80,2,3.0,3.0,1.0,3.0,4.0,1.0,2.0,2.0,2.0,1.0,3.0,1.0,2.0,3.0,2.0,2.0,2.0,1.0,1.0,1.0,1.0,4.0,3.0,1.0,3.0,6.0,1.0,1.0,1.0,1.0,2.0,1.0,other,2.0,4.0
81,2,3.0,4.0,1.0,1.0,4.0,2.0,1.0,1.0,1.0,2.0,3.0,2.0,2.0,1.0,1.0,1.0,2.0,1.0,1.0,1.0,1.0,4.0,4.0,1.0,4.0,5.0,3.0,1.0,2.0,1.0,1.0,1.0,adidas,2.0,3.0
82,2,3.0,3.0,2.0,1.0,4.0,2.0,2.0,1.0,2.0,3.0,2.0,2.0,2.0,0.0,1.0,1.0,1.0,1.0,1.0,1.0,1.0,4.0,4.0,1.0,3.0,6.0,3.0,0.0,1.0,1.0,1.0,1.0,other,4.0,3.0
83,1,2.0,1.0,1.0,1.0,3.0,2.0,2.0,1.0,1.0,2.0,3.0,2.0,3.0,1.0,2.0,1.0,1.0,1.0,1.0,1.0,1.0,3.0,5.0,1.0,5.0,5.0,1.0,1.0,1.0,2.0,1.0,1.0,levis,4.0,4.0
84,1,3.0,3.0,1.0,1.0,3.0,1.0,1.0,1.0,1.0,1.0,1.0,1.0,1.0,4.0,2.0,2.0,2.0,1.0,2.0,1.0,1.0,3.0,5.0,2.0,4.0,2.0,1.0,1.0,2.0,1.0,1.0,1.0,columbia,6.0,4.0
85,1,2.0,1.0,1.0,1.0,4.0,1.0,2.0,3.0,1.0,1.0,3.0,1.0,1.0,2.0,1.0,2.0,1.0,1.0,2.0,1.0,1.0,4.0,1.0,1.0,2.0,9.0,1.0,1.0,1.0,1.0,2.0,1.0,armed angels,4.0,4.0
86,1,4.0,3.0,2.0,1.0,4.0,1.0,3.0,,2.0,1.0,4.0,1.0,3.0,-1.0,1.0,1.0,1.0,1.0,1.0,1.0,1.0,101.0,4.0,1.0,4.0,2.0,141.0,1.0,1.0,2.0,1.0,1.0,other,1.0,4.0
87,2,3.0,4.0,2.0,1.0,3.0,1.0,1.0,2.0,2.0,1.0,3.0,1.0,1.0,-1.0,1.0,1.0,1.0,1.0,1.0,1.0,1.0,3.0,4.0,1.0,4.0,5.0,1.0,1.0,1.0,1.0,2.0,1.0,other,1.0,3.0
88,2,2.0,4.0,1.0,2.0,4.0,3.0,4.0,2.0,2.0,1.0,3.0,2.0,3.0,5.0,2.0,2.0,2.0,2.0,2.0,1.0,1.0,2.0,3.0,2.0,3.0,1.0,1.0,1.0,1.0,2.0,1.0,1.0,other,3.0,3.0
89,1,2.0,4.0,1.0,3.0,1.0,5.0,3.0,3.0,2.0,2.0,1.0,1.0,3.0,1.0,2.0,1.0,1.0,1.0,1.0,1.0,1.0,2.0,3.0,2.0,3.0,2.0,2.0,1.0,1.0,1.0,1.0,2.0,other,1.0,5.0
90,2,3.0,5.0,1.0,1.0,4.0,1.0,1.0,1.0,2.0,1.0,1.0,1.0,4.0,1.0,1.0,1.0,2.0,1.0,1.0,1.0,1.0,3.0,3.0,1.0,4.0,5.0,1.0,1.0,1.0,1.0,1.0,2.0,tommy  levis adidas nike puma,5.0,1.0
91,2,1.0,1.0,1.0,1.0,3.0,1.0,2.0,1.0,2.0,2.0,3.0,2.0,3.0,3.0,2.0,2.0,2.0,1.0,1.0,1.0,1.0,2.0,3.0,2.0,3.0,5.0,1.0,1.0,2.0,1.0,1.0,1.0,h&m,4.0,5.0
92,1,3.0,4.0,2.0,1.0,4.0,2.0,3.0,1.0,1.0,1.0,4.0,1.0,1.0,4.0,2.0,2.0,2.0,2.0,1.0,1.0,1.0,4.0,3.0,2.0,4.0,5.0,1.0,3.0,2.0,2.0,2.0,1.0,other,4.0,3.0
93,2,3.0,4.0,1.0,1.0,4.0,2.0,3.0,2.0,2.0,2.0,4.0,2.0,2.0,2.0,1.0,2.0,2.0,1.0,1.0,1.0,1.0,4.0,3.0,2.0,4.0,6.0,1.0,3.0,2.0,2.0,2.0,1.0,other,4.0,4.0
94,2,2.0,4.0,2.0,3.0,2.0,1.0,3.0,1.0,1.0,1.0,1.0,1.0,1.0,4.0,2.0,2.0,2.0,2.0,1.0,1.0,1.0,4.0,3.0,1.0,5.0,2.0,1.0,2.0,2.0,1.0,2.0,1.0,other,4.0,5.0
95,2,2.0,2.0,2.0,1.0,4.0,1.0,3.0,3.0,3.0,1.0,2.0,2.0,3.0,4.0,2.0,2.0,2.0,2.0,1.0,1.0,1.0,2.0,3.0,2.0,4.0,5.0,1.0,1.0,1.0,1.0,1.0,2.0,other,4.0,5.0
96,1,2.0,1.0,1.0,2.0,3.0,1.0,2.0,2.0,1.0,3.0,2.0,2.0,3.0,1.0,1.0,1.0,1.0,1.0,1.0,1.0,2.0,3.0,2.0,2.0,3.0,2.0,1.0,2.0,2.0,2.0,1.0,1.0,other,4.0,5.0
97,2,2.0,1.0,1.0,1.0,3.0,2.0,3.0,2.0,1.0,1.0,3.0,1.0,2.0,4.0,2.0,2.0,2.0,1.0,1.0,2.0,1.0,3.0,4.0,2.0,3.0,2.0,1.0,1.0,1.0,1.0,1.0,2.0,other,5.0,5.0
98,2,2.0,4.0,2.0,1.0,3.0,1.0,3.0,2.0,1.0,1.0,2.0,1.0,2.0,5.0,2.0,2.0,2.0,2.0,2.0,1.0,1.0,2.0,66.0,2.0,80.0,85.0,2.0,2.0,2.0,2.0,1.0,1.0,other,4.0,5.0
99,2,2.0,4.0,2.0,1.0,3.0,1.0,2.0,2.0,2.0,3.0,2.0,3.0,3.0,4.0,2.0,2.0,2.0,2.0,1.0,1.0,1.0,2.0,4.0,2.0,3.0,6.0,2.0,2.0,2.0,2.0,1.0,1.0,h&m,4.0,4.0
100,2,2.0,4.0,2.0,1.0,4.0,1.0,2.0,3.0,1.0,1.0,4.0,2.0,1.0,4.0,2.0,2.0,2.0,2.0,1.0,1.0,1.0,4.0,3.0,1.0,4.0,7.0,1.0,1.0,1.0,2.0,1.0,1.0,other,4.0,4.0
101,1,2.0,1.0,1.0,1.0,3.0,1.0,3.0,1.0,1.0,1.0,4.0,1.0,2.0,4.0,2.0,2.0,2.0,2.0,1.0,1.0,1.0,3.0,4.0,1.0,4.0,6.0,1.0,2.0,1.0,2.0,2.0,1.0,other,6.0,4.0
102,2,2.0,4.0,2.0,1.0,3.0,1.0,2.0,4.0,2.0,3.0,1.0,3.0,4.0,4.0,2.0,2.0,2.0,2.0,1.0,1.0,1.0,1.0,2.0,2.0,2.0,1.0,2.0,1.0,1.0,2.0,1.0,1.0,other,2.0,4.0
103,1,2.0,4.0,1.0,1.0,1.0,1.0,3.0,1.0,2.0,2.0,3.0,1.0,3.0,3.0,2.0,2.0,1.0,1.0,2.0,1.0,1.0,3.0,3.0,2.0,4.0,2.0,1.0,2.0,2.0,1.0,2.0,1.0,natura,2.0,5.0
104,2,2.0,1.0,2.0,1.0,4.0,1.0,2.0,2.0,2.0,2.0,4.0,2.0,3.0,1.0,1.0,1.0,1.0,1.0,1.0,1.0,2.0,3.0,3.0,2.0,4.0,5.0,1.0,2.0,1.0,2.0,2.0,1.0,other,1.0,4.0
105,1,2.0,3.0,1.0,2.0,4.0,2.0,3.0,2.0,2.0,2.0,2.0,2.0,2.0,4.0,2.0,2.0,2.0,1.0,2.0,1.0,1.0,2.0,5.0,2.0,3.0,5.0,1.0,1.0,2.0,1.0,1.0,1.0,other,2.0,3.0
106,1,2.0,4.0,1.0,1.0,4.0,2.0,2.0,2.0,3.0,1.0,4.0,3.0,4.0,5.0,2.0,2.0,2.0,2.0,2.0,1.0,1.0,3.0,6.0,2.0,4.0,2.0,1.0,1.0,1.0,1.0,1.0,2.0,other,4.0,2.0
107,1,2.0,1.0,1.0,3.0,1.0,5.0,3.0,2.0,2.0,2.0,3.0,2.0,3.0,1.0,1.0,1.0,1.0,1.0,1.0,1.0,2.0,3.0,1.0,1.0,4.0,2.0,1.0,2.0,2.0,2.0,1.0,1.0,other,5.0,4.0
108,1,3.0,4.0,1.0,1.0,4.0,1.0,2.0,2.0,2.0,1.0,3.0,1.0,4.0,3.0,2.0,2.0,2.0,1.0,1.0,1.0,1.0,1.0,6.0,2.0,5.0,2.0,2.0,1.0,1.0,2.0,1.0,1.0,other,4.0,5.0
109,"1,2,3,1,2,3,2,3,1,2,1,1,1,1,5,2,2,2,2,2,1,1,3,1,1,4,1,6,1,2,2,1,2,1,""ecoology , ecoalf"",4,5,,,,,,,,,,,,",109.0,70.0,152.0,127.0,79.0,96.0,76.0,88.0,93.0,83.0,77.0,86.0,84.0,62.0,137.0,132.0,126.0,126.0,127.0,174.0,164.0,101.0,66.0,116.0,80.0,85.0,141.0,119.0,103.0,104.0,134.0,169.0,other,60.0,75.0
110,2,2.0,4.0,1.0,1.0,4.0,1.0,1.0,1.0,2.0,2.0,2.0,2.0,3.0,4.0,2.0,2.0,2.0,1.0,2.0,1.0,1.0,3.0,2.0,1.0,5.0,5.0,1.0,2.0,2.0,2.0,1.0,1.0,hibuy,1.0,5.0
111,1,3.0,4.0,1.0,2.0,3.0,2.0,3.0,2.0,2.0,2.0,2.0,3.0,3.0,5.0,2.0,2.0,2.0,1.0,2.0,1.0,2.0,2.0,2.0,2.0,3.0,5.0,1.0,1.0,2.0,1.0,1.0,1.0,h&m,1.0,3.0
112,"2,2,1,1,1,4,2,3,2,1,1,2,1,1,4,2,2,2,2,1,1,1,4,3,1,4,1,9,1,1,2,1,1,1,""Adidas, Puma, Express"",4,4,,,,,,,,,,,,",109.0,70.0,152.0,127.0,79.0,96.0,76.0,88.0,93.0,83.0,77.0,86.0,84.0,62.0,137.0,132.0,126.0,126.0,127.0,174.0,164.0,101.0,66.0,116.0,80.0,85.0,141.0,119.0,103.0,104.0,134.0,169.0,other,60.0,75.0
113,1,3.0,4.0,1.0,1.0,3.0,1.0,3.0,4.0,1.0,1.0,1.0,1.0,1.0,2.0,2.0,1.0,2.0,1.0,1.0,1.0,1.0,4.0,3.0,2.0,3.0,5.0,3.0,1.0,1.0,1.0,1.0,2.0,polo,3.0,1.0
114,2,2.0,1.0,1.0,1.0,3.0,3.0,3.0,3.0,2.0,2.0,2.0,3.0,2.0,1.0,1.0,1.0,1.0,1.0,1.0,1.0,2.0,3.0,3.0,1.0,2.0,6.0,1.0,1.0,1.0,1.0,2.0,1.0,armed angels,4.0,4.0
115,1,2.0,3.0,1.0,1.0,4.0,1.0,2.0,2.0,3.0,1.0,4.0,1.0,3.0,1.0,1.0,1.0,1.0,1.0,1.0,1.0,2.0,4.0,3.0,1.0,3.0,5.0,1.0,2.0,2.0,2.0,1.0,1.0,zara,1.0,4.0
116,2,2.0,4.0,2.0,1.0,2.0,2.0,3.0,3.0,1.0,1.0,2.0,2.0,3.0,-1.0,1.0,1.0,1.0,1.0,1.0,1.0,1.0,3.0,3.0,2.0,2.0,5.0,1.0,1.0,1.0,1.0,2.0,1.0,other,1.0,4.0
117,2,2.0,1.0,2.0,1.0,3.0,1.0,2.0,1.0,1.0,2.0,2.0,1.0,2.0,3.0,2.0,2.0,2.0,1.0,1.0,1.0,1.0,3.0,3.0,2.0,80.0,5.0,1.0,2.0,2.0,1.0,2.0,1.0,other,3.0,3.0
118,1,3.0,3.0,1.0,1.0,3.0,1.0,2.0,1.0,3.0,3.0,3.0,1.0,3.0,3.0,2.0,2.0,2.0,1.0,1.0,1.0,1.0,2.0,3.0,2.0,3.0,5.0,2.0,1.0,2.0,1.0,1.0,1.0,other,4.0,1.0
119,1,3.0,3.0,2.0,1.0,3.0,1.0,2.0,3.0,1.0,3.0,3.0,1.0,3.0,0.0,1.0,1.0,1.0,1.0,1.0,1.0,1.0,2.0,3.0,2.0,3.0,5.0,2.0,0.0,1.0,1.0,1.0,1.0,other,4.0,3.0
120,1,2.0,1.0,1.0,2.0,1.0,2.0,2.0,1.0,2.0,2.0,2.0,2.0,3.0,4.0,2.0,2.0,1.0,1.0,2.0,2.0,1.0,3.0,3.0,2.0,5.0,2.0,1.0,2.0,1.0,2.0,2.0,1.0,other,4.0,3.0
121,1,2.0,3.0,1.0,1.0,1.0,3.0,2.0,2.0,1.0,3.0,2.0,2.0,3.0,4.0,2.0,2.0,2.0,1.0,1.0,2.0,1.0,4.0,2.0,1.0,4.0,2.0,1.0,1.0,1.0,2.0,1.0,1.0,zara,3.0,5.0
122,1,2.0,4.0,1.0,1.0,1.0,3.0,2.0,2.0,2.0,2.0,4.0,2.0,3.0,4.0,2.0,2.0,2.0,2.0,1.0,1.0,1.0,4.0,2.0,2.0,3.0,5.0,1.0,1.0,2.0,1.0,1.0,1.0,too faced,1.0,4.0
123,1,2.0,4.0,1.0,1.0,1.0,3.0,2.0,2.0,2.0,2.0,4.0,2.0,3.0,0.0,1.0,1.0,1.0,1.0,1.0,1.0,1.0,4.0,2.0,2.0,3.0,5.0,1.0,0.0,1.0,1.0,1.0,1.0,other,6.0,3.0
124,2,3.0,3.0,1.0,1.0,3.0,1.0,2.0,2.0,1.0,2.0,2.0,1.0,2.0,3.0,2.0,2.0,2.0,1.0,1.0,1.0,1.0,2.0,5.0,2.0,3.0,2.0,1.0,1.0,2.0,1.0,1.0,1.0,other,1.0,3.0
125,1,3.0,4.0,1.0,1.0,4.0,1.0,2.0,2.0,3.0,1.0,3.0,1.0,2.0,-1.0,1.0,1.0,1.0,1.0,1.0,1.0,1.0,3.0,5.0,2.0,3.0,6.0,1.0,2.0,2.0,1.0,2.0,1.0,h&m,1.0,2.0
126,1,3.0,4.0,1.0,2.0,4.0,2.0,3.0,2.0,2.0,2.0,3.0,2.0,2.0,-1.0,1.0,1.0,1.0,1.0,1.0,1.0,1.0,3.0,5.0,1.0,4.0,5.0,1.0,1.0,2.0,1.0,1.0,1.0,other,1.0,3.0
127,1,3.0,2.0,1.0,1.0,1.0,3.0,1.0,2.0,1.0,2.0,2.0,2.0,2.0,3.0,2.0,2.0,2.0,1.0,1.0,1.0,1.0,1.0,5.0,2.0,3.0,6.0,1.0,1.0,2.0,1.0,1.0,1.0,other,1.0,3.0
128,1,1.0,1.0,2.0,1.0,4.0,1.0,1.0,2.0,2.0,2.0,3.0,2.0,2.0,4.0,2.0,2.0,2.0,2.0,1.0,1.0,1.0,4.0,2.0,2.0,4.0,7.0,1.0,2.0,2.0,2.0,1.0,1.0,other,4.0,4.0
129,1,2.0,1.0,1.0,1.0,4.0,1.0,2.0,2.0,2.0,2.0,4.0,2.0,2.0,7.0,2.0,2.0,2.0,2.0,2.0,2.0,2.0,4.0,3.0,1.0,5.0,5.0,1.0,3.0,2.0,2.0,2.0,1.0,organic basics,4.0,5.0
130,2,4.0,2.0,1.0,1.0,4.0,1.0,1.0,1.0,2.0,4.0,2.0,1.0,3.0,2.0,1.0,2.0,1.0,1.0,2.0,1.0,1.0,3.0,5.0,2.0,3.0,2.0,1.0,1.0,2.0,1.0,1.0,1.0,focus green (colombia),3.0,3.0
131,1,3.0,4.0,2.0,1.0,4.0,1.0,1.0,1.0,1.0,1.0,3.0,1.0,1.0,4.0,2.0,2.0,2.0,2.0,1.0,1.0,1.0,4.0,3.0,2.0,4.0,5.0,1.0,1.0,1.0,1.0,2.0,1.0,el natura lista,4.0,3.0
132,2,3.0,4.0,1.0,2.0,4.0,1.0,2.0,4.0,1.0,1.0,4.0,1.0,4.0,1.0,1.0,1.0,2.0,1.0,1.0,1.0,1.0,4.0,1.0,1.0,3.0,6.0,2.0,1.0,2.0,1.0,1.0,1.0,other,6.0,3.0
133,1,3.0,3.0,2.0,1.0,3.0,1.0,2.0,1.0,2.0,2.0,3.0,2.0,3.0,3.0,2.0,2.0,2.0,1.0,1.0,1.0,1.0,3.0,4.0,2.0,3.0,5.0,2.0,1.0,2.0,1.0,1.0,1.0,other,7.0,3.0
134,1,3.0,3.0,2.0,1.0,3.0,1.0,2.0,1.0,2.0,2.0,3.0,2.0,3.0,0.0,1.0,1.0,1.0,1.0,1.0,1.0,1.0,3.0,4.0,1.0,3.0,6.0,2.0,0.0,1.0,1.0,1.0,1.0,other,6.0,3.0
135,2,4.0,2.0,1.0,1.0,4.0,1.0,1.0,1.0,3.0,2.0,4.0,2.0,4.0,1.0,1.0,2.0,1.0,1.0,1.0,1.0,1.0,3.0,5.0,2.0,4.0,2.0,1.0,1.0,2.0,1.0,1.0,1.0,focus-green,3.0,3.0
136,1,2.0,1.0,1.0,1.0,4.0,1.0,2.0,1.0,2.0,2.0,3.0,2.0,3.0,5.0,2.0,2.0,2.0,2.0,2.0,1.0,1.0,3.0,1.0,2.0,3.0,2.0,1.0,2.0,2.0,2.0,1.0,1.0,other,2.0,5.0
137,1,3.0,4.0,1.0,4.0,4.0,2.0,1.0,2.0,2.0,3.0,3.0,3.0,2.0,3.0,2.0,2.0,2.0,1.0,1.0,1.0,1.0,3.0,1.0,1.0,3.0,6.0,2.0,1.0,1.0,2.0,1.0,1.0,other,3.0,3.0
138,1,2.0,4.0,1.0,2.0,4.0,3.0,2.0,3.0,2.0,2.0,2.0,2.0,2.0,1.0,1.0,1.0,2.0,1.0,1.0,1.0,1.0,3.0,2.0,1.0,4.0,6.0,1.0,1.0,1.0,2.0,1.0,1.0,a lot less,4.0,5.0
139,1,2.0,1.0,1.0,2.0,4.0,2.0,2.0,1.0,1.0,1.0,3.0,2.0,2.0,3.0,2.0,2.0,2.0,1.0,1.0,1.0,1.0,3.0,4.0,2.0,4.0,5.0,1.0,1.0,2.0,1.0,1.0,1.0,other,4.0,5.0
140,1,3.0,4.0,1.0,4.0,4.0,3.0,1.0,1.0,2.0,1.0,3.0,1.0,2.0,3.0,2.0,2.0,2.0,1.0,1.0,1.0,1.0,3.0,1.0,1.0,5.0,5.0,1.0,3.0,2.0,2.0,2.0,1.0,other,7.0,4.0
141,1,2.0,4.0,1.0,1.0,3.0,1.0,1.0,1.0,2.0,1.0,4.0,2.0,2.0,3.0,2.0,2.0,2.0,1.0,1.0,1.0,1.0,3.0,1.0,2.0,3.0,6.0,1.0,1.0,2.0,1.0,1.0,1.0,other,4.0,5.0
142,2,3.0,3.0,1.0,1.0,3.0,1.0,1.0,1.0,1.0,1.0,2.0,1.0,4.0,3.0,2.0,2.0,2.0,1.0,1.0,1.0,1.0,3.0,1.0,1.0,3.0,2.0,1.0,3.0,2.0,2.0,2.0,1.0,other,1.0,3.0
143,1,3.0,4.0,1.0,1.0,4.0,2.0,1.0,1.0,1.0,1.0,1.0,1.0,1.0,-1.0,1.0,1.0,1.0,1.0,1.0,1.0,1.0,4.0,3.0,1.0,3.0,5.0,3.0,1.0,2.0,1.0,1.0,1.0,other,1.0,3.0
144,1,2.0,1.0,1.0,4.0,1.0,5.0,3.0,3.0,1.0,1.0,2.0,1.0,3.0,5.0,2.0,2.0,2.0,2.0,2.0,1.0,1.0,3.0,1.0,1.0,1.0,7.0,1.0,1.0,2.0,1.0,1.0,1.0,rothys,1.0,3.0
145,2,3.0,4.0,2.0,1.0,3.0,1.0,1.0,1.0,3.0,1.0,4.0,2.0,1.0,4.0,2.0,2.0,2.0,2.0,1.0,1.0,1.0,3.0,5.0,2.0,4.0,5.0,1.0,1.0,2.0,1.0,1.0,1.0,other,4.0,5.0
146,1,3.0,4.0,1.0,2.0,3.0,2.0,3.0,2.0,2.0,2.0,2.0,2.0,2.0,7.0,2.0,2.0,2.0,2.0,2.0,2.0,2.0,4.0,1.0,1.0,4.0,6.0,1.0,3.0,2.0,2.0,2.0,1.0,other,6.0,4.0
147,1,2.0,4.0,1.0,1.0,3.0,1.0,2.0,2.0,2.0,1.0,2.0,1.0,3.0,4.0,2.0,2.0,2.0,1.0,2.0,1.0,1.0,3.0,6.0,2.0,3.0,5.0,1.0,1.0,1.0,2.0,1.0,1.0,other,4.0,3.0
148,2,3.0,4.0,1.0,2.0,4.0,3.0,4.0,3.0,2.0,1.0,1.0,1.0,4.0,4.0,2.0,2.0,2.0,1.0,2.0,1.0,1.0,3.0,1.0,2.0,3.0,6.0,2.0,1.0,2.0,1.0,1.0,1.0,other,4.0,5.0
149,1,3.0,4.0,1.0,2.0,3.0,3.0,3.0,2.0,1.0,1.0,2.0,1.0,2.0,4.0,2.0,2.0,2.0,1.0,2.0,1.0,1.0,3.0,5.0,2.0,3.0,5.0,1.0,1.0,2.0,1.0,1.0,1.0,other,4.0,3.0
150,1,3.0,3.0,1.0,4.0,4.0,2.0,3.0,2.0,1.0,1.0,2.0,2.0,2.0,2.0,2.0,2.0,1.0,1.0,1.0,1.0,1.0,3.0,3.0,2.0,4.0,5.0,2.0,1.0,1.0,2.0,1.0,1.0,other,7.0,3.0
151,1,2.0,3.0,1.0,1.0,3.0,2.0,2.0,1.0,2.0,1.0,4.0,1.0,1.0,4.0,2.0,2.0,2.0,2.0,1.0,1.0,1.0,3.0,3.0,2.0,4.0,6.0,1.0,3.0,2.0,2.0,2.0,1.0,humana,4.0,5.0
152,1,3.0,3.0,1.0,2.0,3.0,2.0,2.0,4.0,4.0,4.0,4.0,4.0,2.0,2.0,2.0,2.0,1.0,1.0,1.0,1.0,1.0,3.0,3.0,116.0,3.0,5.0,1.0,1.0,1.0,2.0,1.0,1.0,other,1.0,3.0
153,1,2.0,4.0,1.0,1.0,3.0,1.0,2.0,1.0,2.0,2.0,3.0,1.0,2.0,3.0,2.0,2.0,2.0,1.0,1.0,1.0,1.0,3.0,3.0,1.0,4.0,5.0,1.0,2.0,2.0,2.0,1.0,1.0,other,3.0,5.0
154,1,1.0,1.0,1.0,2.0,4.0,2.0,4.0,2.0,1.0,3.0,4.0,1.0,2.0,4.0,2.0,2.0,2.0,1.0,2.0,1.0,1.0,3.0,3.0,2.0,4.0,6.0,1.0,1.0,2.0,1.0,1.0,1.0,other,4.0,5.0
155,2,2.0,4.0,1.0,1.0,3.0,1.0,1.0,2.0,2.0,3.0,2.0,3.0,3.0,4.0,2.0,2.0,2.0,2.0,1.0,1.0,1.0,4.0,3.0,2.0,4.0,7.0,1.0,2.0,2.0,1.0,2.0,1.0,toms,1.0,2.0
156,1,2.0,1.0,1.0,2.0,4.0,1.0,1.0,1.0,2.0,2.0,4.0,2.0,3.0,4.0,2.0,2.0,2.0,1.0,2.0,1.0,1.0,4.0,3.0,1.0,3.0,2.0,1.0,1.0,1.0,2.0,1.0,1.0,other,4.0,5.0
157,2,2.0,1.0,1.0,1.0,4.0,1.0,2.0,2.0,1.0,1.0,3.0,1.0,3.0,1.0,1.0,1.0,1.0,1.0,1.0,1.0,2.0,3.0,1.0,2.0,4.0,1.0,2.0,1.0,1.0,1.0,1.0,2.0,other,4.0,4.0
158,2,2.0,1.0,1.0,1.0,4.0,1.0,3.0,2.0,2.0,2.0,2.0,2.0,3.0,-1.0,1.0,1.0,1.0,1.0,1.0,1.0,1.0,2.0,3.0,2.0,3.0,5.0,1.0,1.0,2.0,1.0,1.0,1.0,other,1.0,5.0
159,"1,3,2,1,1,2,2,2,4,3,1,2,1,2,3,2,2,1,2,1,1,1,3,1,2,4,1,6,1,1,1,1,2,1,""Occitane, Mango, H&M, Aritzia."",2,4,,,,,,,,,,,,",109.0,70.0,152.0,127.0,79.0,96.0,76.0,88.0,93.0,83.0,77.0,86.0,84.0,62.0,137.0,132.0,126.0,126.0,127.0,174.0,164.0,101.0,66.0,116.0,80.0,85.0,141.0,119.0,103.0,104.0,134.0,169.0,other,60.0,75.0
160,1,3.0,2.0,2.0,2.0,4.0,1.0,1.0,2.0,2.0,1.0,3.0,1.0,1.0,4.0,2.0,2.0,2.0,1.0,2.0,1.0,1.0,4.0,3.0,1.0,4.0,5.0,1.0,2.0,2.0,2.0,1.0,1.0,other,4.0,5.0
161,1,2.0,2.0,1.0,1.0,3.0,1.0,1.0,1.0,2.0,2.0,3.0,1.0,2.0,5.0,2.0,2.0,2.0,2.0,2.0,1.0,1.0,4.0,3.0,1.0,5.0,5.0,1.0,1.0,1.0,2.0,1.0,1.0,other,4.0,4.0
162,1,2.0,1.0,1.0,1.0,4.0,1.0,1.0,1.0,2.0,3.0,2.0,1.0,3.0,4.0,2.0,2.0,2.0,2.0,1.0,1.0,1.0,4.0,3.0,1.0,5.0,9.0,1.0,1.0,1.0,2.0,1.0,1.0,other,6.0,5.0
163,1,2.0,3.0,1.0,2.0,3.0,2.0,3.0,1.0,2.0,2.0,2.0,2.0,2.0,3.0,2.0,2.0,2.0,1.0,1.0,1.0,1.0,4.0,2.0,1.0,4.0,7.0,1.0,1.0,2.0,1.0,1.0,1.0,other,2.0,4.0
164,"1,2,4,1,2,4,2,2,1,2,2,3,2,3,1,1,1,1,1,1,1,2,3,1,1,4,1,6,1,2,2,1,2,1,""Patagonia, Adidas"",1,4,,,,,,,,,,,,",109.0,70.0,152.0,127.0,79.0,96.0,76.0,88.0,93.0,83.0,77.0,86.0,84.0,62.0,137.0,132.0,126.0,126.0,127.0,174.0,164.0,101.0,66.0,116.0,80.0,85.0,141.0,119.0,103.0,104.0,134.0,169.0,other,60.0,75.0
165,1,2.0,1.0,1.0,2.0,1.0,3.0,2.0,3.0,1.0,3.0,1.0,2.0,3.0,4.0,2.0,2.0,2.0,1.0,1.0,2.0,1.0,3.0,3.0,2.0,3.0,5.0,1.0,3.0,2.0,2.0,2.0,1.0,other,6.0,4.0
166,1,2.0,1.0,1.0,2.0,3.0,2.0,2.0,2.0,2.0,3.0,2.0,2.0,2.0,4.0,2.0,2.0,2.0,2.0,1.0,1.0,1.0,4.0,2.0,2.0,5.0,5.0,1.0,1.0,1.0,2.0,1.0,1.0,adidas,1.0,4.0
167,1,2.0,1.0,1.0,2.0,4.0,2.0,2.0,2.0,2.0,2.0,3.0,1.0,1.0,1.0,1.0,1.0,2.0,1.0,1.0,1.0,1.0,3.0,3.0,1.0,4.0,8.0,2.0,2.0,2.0,2.0,1.0,1.0,converse nike,4.0,4.0
168,1,2.0,1.0,1.0,1.0,1.0,1.0,2.0,2.0,1.0,2.0,3.0,1.0,2.0,5.0,2.0,2.0,2.0,2.0,2.0,1.0,1.0,4.0,6.0,1.0,4.0,5.0,1.0,1.0,1.0,2.0,1.0,1.0,other,4.0,5.0
169,2,2.0,3.0,2.0,3.0,3.0,2.0,2.0,1.0,2.0,2.0,3.0,2.0,3.0,4.0,2.0,2.0,2.0,2.0,1.0,1.0,1.0,3.0,5.0,2.0,4.0,5.0,1.0,2.0,2.0,1.0,2.0,1.0,other,5.0,5.0
170,1,1.0,3.0,1.0,1.0,3.0,1.0,2.0,2.0,2.0,2.0,3.0,2.0,3.0,5.0,2.0,2.0,2.0,1.0,2.0,2.0,1.0,3.0,2.0,1.0,5.0,5.0,1.0,3.0,2.0,2.0,2.0,1.0,other,1.0,5.0
171,"2,1,1,1,2,4,3,3,3,2,1,3,2,2,3,2,2,2,1,1,1,1,3,1,1,3,1,5,1,3,2,2,2,1,""Levi's, Adidas, Zara"",5,3,,,,,,,,,,,,",109.0,70.0,152.0,127.0,79.0,96.0,76.0,88.0,93.0,83.0,77.0,86.0,84.0,62.0,137.0,132.0,126.0,126.0,127.0,174.0,164.0,101.0,66.0,116.0,80.0,85.0,141.0,119.0,103.0,104.0,134.0,169.0,other,60.0,75.0
172,1,1.0,1.0,1.0,3.0,3.0,3.0,2.0,1.0,1.0,2.0,3.0,2.0,2.0,7.0,2.0,2.0,2.0,2.0,2.0,2.0,2.0,2.0,6.0,2.0,3.0,5.0,1.0,3.0,2.0,2.0,2.0,1.0,other,1.0,5.0
173,1,2.0,4.0,1.0,1.0,4.0,2.0,3.0,2.0,1.0,2.0,3.0,1.0,2.0,4.0,2.0,2.0,1.0,2.0,2.0,1.0,1.0,4.0,3.0,1.0,4.0,6.0,1.0,2.0,1.0,2.0,2.0,1.0,levis,5.0,5.0
174,1,2.0,1.0,1.0,1.0,3.0,2.0,3.0,3.0,2.0,1.0,3.0,4.0,2.0,1.0,1.0,1.0,1.0,1.0,1.0,1.0,2.0,4.0,3.0,1.0,4.0,6.0,1.0,3.0,2.0,2.0,2.0,1.0,maje,2.0,4.0
175,1,2.0,1.0,1.0,2.0,3.0,1.0,3.0,1.0,1.0,3.0,2.0,2.0,4.0,1.0,1.0,1.0,1.0,1.0,1.0,1.0,2.0,1.0,1.0,2.0,1.0,1.0,2.0,1.0,1.0,2.0,1.0,1.0,holymeshq,2.0,5.0
176,"2,3,4,2,1,3,2,2,3,2,2,4,2,2,4,2,2,2,2,1,1,1,4,2,2,4,1,6,1,1,1,1,2,1,""Veja, Shaping the new Tomorrow"",5,4,,,,,,,,,,,,",109.0,70.0,152.0,127.0,79.0,96.0,76.0,88.0,93.0,83.0,77.0,86.0,84.0,62.0,137.0,132.0,126.0,126.0,127.0,174.0,164.0,101.0,66.0,116.0,80.0,85.0,141.0,119.0,103.0,104.0,134.0,169.0,other,60.0,75.0
177,"1,3,4,1,2,3,3,2,3,2,2,2,1,2,3,2,2,1,1,2,1,1,3,2,2,2,1,7,1,3,2,2,2,1,""hessnatur, waschbär"",4,4,,,,,,,,,,,,",109.0,70.0,152.0,127.0,79.0,96.0,76.0,88.0,93.0,83.0,77.0,86.0,84.0,62.0,137.0,132.0,126.0,126.0,127.0,174.0,164.0,101.0,66.0,116.0,80.0,85.0,141.0,119.0,103.0,104.0,134.0,169.0,other,60.0,75.0
178,2,2.0,4.0,1.0,1.0,2.0,4.0,4.0,2.0,3.0,1.0,3.0,1.0,3.0,1.0,1.0,1.0,1.0,2.0,1.0,1.0,1.0,4.0,3.0,1.0,4.0,2.0,1.0,1.0,1.0,1.0,2.0,1.0,other,4.0,4.0
179,1,3.0,4.0,2.0,1.0,3.0,1.0,2.0,1.0,3.0,1.0,4.0,1.0,3.0,1.0,1.0,1.0,1.0,2.0,1.0,1.0,1.0,4.0,2.0,1.0,4.0,2.0,1.0,1.0,1.0,1.0,2.0,1.0,natura,3.0,4.0
180,2,1.0,1.0,1.0,2.0,3.0,4.0,4.0,3.0,1.0,1.0,1.0,2.0,2.0,2.0,2.0,1.0,2.0,1.0,1.0,1.0,1.0,3.0,1.0,2.0,2.0,6.0,2.0,0.0,1.0,1.0,1.0,1.0,other,4.0,4.0
181,2,2.0,1.0,2.0,4.0,4.0,1.0,1.0,2.0,1.0,2.0,3.0,1.0,3.0,3.0,2.0,2.0,2.0,1.0,1.0,1.0,1.0,3.0,2.0,2.0,4.0,6.0,1.0,1.0,2.0,1.0,1.0,1.0,other,4.0,4.0
182,1,2.0,1.0,1.0,2.0,3.0,2.0,3.0,1.0,1.0,1.0,1.0,2.0,3.0,4.0,2.0,2.0,2.0,2.0,1.0,1.0,1.0,3.0,3.0,2.0,3.0,6.0,1.0,1.0,2.0,1.0,1.0,1.0,patagonia,6.0,5.0
183,1,2.0,4.0,1.0,1.0,1.0,2.0,3.0,2.0,1.0,2.0,2.0,3.0,3.0,1.0,1.0,1.0,1.0,1.0,1.0,1.0,2.0,3.0,4.0,2.0,4.0,6.0,1.0,1.0,2.0,1.0,1.0,1.0,other,3.0,4.0
184,1,2.0,1.0,1.0,1.0,4.0,1.0,2.0,1.0,2.0,2.0,4.0,2.0,4.0,3.0,2.0,2.0,2.0,1.0,1.0,1.0,1.0,2.0,6.0,2.0,5.0,1.0,1.0,1.0,1.0,1.0,1.0,2.0,other,1.0,4.0
185,1,2.0,4.0,1.0,2.0,4.0,2.0,1.0,2.0,2.0,2.0,3.0,3.0,3.0,1.0,1.0,1.0,1.0,1.0,1.0,1.0,2.0,3.0,1.0,1.0,3.0,5.0,1.0,1.0,1.0,2.0,1.0,1.0,quicksilver,4.0,5.0
186,1,2.0,1.0,1.0,1.0,4.0,1.0,2.0,2.0,2.0,2.0,3.0,2.0,2.0,1.0,1.0,1.0,1.0,1.0,1.0,1.0,2.0,4.0,2.0,2.0,5.0,5.0,1.0,3.0,2.0,2.0,2.0,1.0,patagonia,1.0,5.0
187,"2,2,4,1,1,3,2,3,3,1,1,3,2,2,5,2,2,2,2,2,1,1,4,2,1,4,1,9,1,3,2,2,2,1,""Patagonia, Earth Positive, Will's Vegan Shoes"",4,5,,,,,,,,,,,,",109.0,70.0,152.0,127.0,79.0,96.0,76.0,88.0,93.0,83.0,77.0,86.0,84.0,62.0,137.0,132.0,126.0,126.0,127.0,174.0,164.0,101.0,66.0,116.0,80.0,85.0,141.0,119.0,103.0,104.0,134.0,169.0,other,60.0,75.0
188,2,2.0,1.0,1.0,1.0,3.0,1.0,2.0,2.0,1.0,1.0,3.0,4.0,3.0,5.0,2.0,2.0,2.0,2.0,2.0,1.0,1.0,3.0,3.0,1.0,3.0,2.0,1.0,2.0,2.0,2.0,1.0,1.0,other,3.0,4.0
189,1,2.0,1.0,1.0,2.0,3.0,2.0,2.0,2.0,2.0,1.0,3.0,2.0,2.0,3.0,2.0,1.0,1.0,2.0,2.0,1.0,1.0,4.0,1.0,1.0,5.0,7.0,1.0,3.0,2.0,2.0,2.0,1.0,underarmour avocadostore,4.0,5.0
190,2,2.0,1.0,1.0,1.0,3.0,2.0,3.0,3.0,1.0,1.0,3.0,2.0,4.0,4.0,2.0,2.0,2.0,2.0,1.0,1.0,1.0,3.0,3.0,1.0,2.0,5.0,1.0,1.0,1.0,1.0,1.0,2.0,other,4.0,3.0
191,"1,2,1,1,2,3,1,2,2,1,1,2,1,3,3,2,2,2,1,1,1,1,3,6,2,3,2,5,1,1,1,1,1,2,""Bershka, Zara, Pull & Bear"",1,4,,,,,,,,,,,,",109.0,70.0,152.0,127.0,79.0,96.0,76.0,88.0,93.0,83.0,77.0,86.0,84.0,62.0,137.0,132.0,126.0,126.0,127.0,174.0,164.0,101.0,66.0,116.0,80.0,85.0,141.0,119.0,103.0,104.0,134.0,169.0,other,60.0,75.0
192,1,2.0,1.0,1.0,1.0,2.0,1.0,1.0,2.0,2.0,3.0,2.0,2.0,3.0,2.0,2.0,2.0,1.0,1.0,1.0,1.0,1.0,3.0,2.0,2.0,3.0,7.0,1.0,2.0,2.0,2.0,1.0,1.0,other,1.0,4.0
193,2,2.0,4.0,1.0,1.0,4.0,2.0,2.0,1.0,2.0,1.0,2.0,2.0,4.0,4.0,2.0,2.0,2.0,1.0,2.0,1.0,1.0,3.0,2.0,2.0,3.0,1.0,1.0,3.0,2.0,2.0,2.0,1.0,gap,5.0,4.0
194,1,1.0,1.0,1.0,1.0,3.0,1.0,2.0,1.0,3.0,2.0,3.0,2.0,4.0,4.0,2.0,2.0,2.0,1.0,2.0,1.0,1.0,1.0,3.0,2.0,5.0,6.0,1.0,1.0,1.0,1.0,1.0,2.0,other,5.0,5.0
195,1,1.0,1.0,1.0,2.0,1.0,2.0,2.0,2.0,1.0,2.0,3.0,2.0,3.0,3.0,2.0,2.0,2.0,1.0,1.0,1.0,1.0,2.0,1.0,2.0,3.0,5.0,2.0,1.0,2.0,1.0,1.0,1.0,h&m,4.0,3.0
196,2,3.0,4.0,1.0,2.0,4.0,3.0,3.0,3.0,1.0,2.0,2.0,1.0,3.0,3.0,2.0,2.0,2.0,1.0,1.0,1.0,1.0,3.0,1.0,2.0,4.0,6.0,1.0,1.0,2.0,1.0,1.0,1.0,other,4.0,4.0
197,1,3.0,3.0,1.0,1.0,4.0,1.0,1.0,1.0,3.0,83.0,3.0,1.0,3.0,3.0,2.0,2.0,2.0,1.0,1.0,1.0,1.0,3.0,1.0,2.0,4.0,5.0,2.0,1.0,1.0,2.0,1.0,1.0,other,1.0,4.0
198,1,3.0,4.0,1.0,2.0,1.0,3.0,4.0,3.0,1.0,1.0,1.0,1.0,3.0,4.0,2.0,2.0,2.0,1.0,2.0,1.0,1.0,3.0,1.0,2.0,3.0,5.0,1.0,1.0,1.0,2.0,1.0,1.0,other,4.0,5.0
199,2,1.0,1.0,1.0,2.0,4.0,1.0,3.0,1.0,1.0,1.0,1.0,1.0,2.0,2.0,2.0,2.0,1.0,1.0,1.0,1.0,1.0,2.0,1.0,1.0,4.0,8.0,2.0,1.0,1.0,2.0,1.0,1.0,other,1.0,3.0
200,2,2.0,1.0,1.0,1.0,3.0,1.0,2.0,2.0,1.0,1.0,3.0,4.0,3.0,5.0,2.0,2.0,2.0,2.0,2.0,1.0,1.0,3.0,3.0,1.0,3.0,2.0,1.0,2.0,2.0,2.0,1.0,1.0,other,3.0,4.0
201,1,2.0,1.0,1.0,2.0,3.0,2.0,2.0,2.0,2.0,1.0,3.0,2.0,2.0,3.0,2.0,1.0,1.0,2.0,2.0,1.0,1.0,4.0,1.0,1.0,5.0,7.0,1.0,3.0,2.0,2.0,2.0,1.0,underarmour avocadostore,6.0,5.0
